s1,s2,s3,s4
PMY2556,PMY2557,PMY2566,PMY2574
PMY2559,PMY2577,,
PMY2560,PMY2562,PMY2595,
PMY2564,PMY2579,,
PMY2568,PMY2597,,
PMY2570,PMY2571,,
PMY2572,PMY2593,PMY2596,
PMY2573,PMY2588,,
PMY2575,PMY2578,,
PMY2581,PMY2598,,
PMY2611,PMY2625,PMY2655,
PMY2617,PMY2618,,
PMY2622,PMY2629,,
PMY2623,PMY2628,,
PMY2630,PMY2641,,
PMY2644,PMY2681,,
PMY2648,PMY2651,,
PMY2652,PMY2691,,
PMY2662,PMY2674,,
PMY2672,PMY2718,,
PMY2673,PMY2682,,
PMY2678,PMY2698,,
PMY2679,PMY2684,,
PMY2688,PMY2722,,
PMY2703,PMY2705,PMY2714,
PMY2706,PMY2708,,
PMY2712,PMY2742,,
PMY2713,PMY2739,,
PMY2720,PMY2735,,
PMY2737,PMY2793,,
PMY2768,PMY2792,,
PMY2798,PMY2803,,
PMY2813,PMY2824,,
PMY2830,PMY2837,,
PMY2866,PMY2872,,
PMY2899,PMY2909,,
PMY2900,PMY2902,,
